,title,date,result,explain,tag
0,羊驼抗体能够消灭新型冠状病毒,2020-05-08,疑,尚无定论,"['羊驼', '新型冠状病毒']"
1,印度使用挖掘机活埋新冠病毒感染者,2020-05-07,假,谣言,"['印度', '非洲']"
2,日本诺奖得主本庶佑称新冠病毒是中国实验室制造,2020-05-05,假,谣言,"['日本', '新冠病毒']"
3,世界卫生组织5月1日重申新冠病毒源自自然界,2020-05-02,真,确有此事,"['新冠病毒', '世界卫生组织']"
4,泰国猫咪疫情期间违反外出禁令被捕，“罪犯照”流出,2020-05-01,假,假新闻,"['泰国', '猫']"
5,已有抗体的新冠肺炎治愈者不会再次感染,2020-04-30,疑,尚无定论,"['抗体', '新型冠状病毒']"
6,吸烟者可能较易感染新型冠状病毒,2020-04-29,真,确实如此,"['吸烟者', '新型冠状病毒']"
7,儿童佩戴N95口罩可能会造成不可逆伤害,2020-04-28,真,确实如此,"['N95口罩', '儿童']"
8,英国新冠疫苗人体试验先行者Elisa已死亡,2020-04-28,假,谣言,"['新冠肺炎', '疫苗']"
9,王辰院士表示中国已决定实行“群体免疫”,2020-04-28,假,谣言,"['群体免疫', '新冠肺炎']"
10,全国31省市摘口罩时间表公布,2020-04-26,假,谣言,"['新冠肺炎', '口罩']"
11,商务部对外贸易司指定5家企业生产出口医疗物资,2020-04-25,假,谣言,"['医用物资', '出口']"
12,脚上起“水痘”、失去嗅觉和味觉，是新冠新症状,2020-04-24,疑,尚无定论,"['新型冠状病毒', '水痘']"
13,新冠肺炎的R0是5.7，高于常见的流行病,2020-04-23,疑,尚无定论,"['新冠肺炎', '传染病']"
14,钟南山说过“五月份疫情将全面爆发”,2020-04-22,假,谣言,"['钟南山', '新型冠状病毒']"
15,组合用羟氯喹阿奇霉素和硫酸锌能有效治疗新冠肺炎,2020-04-21,疑,尚无定论,"['新型冠状病毒', '羟氯喹']"
16,美国纽约殡葬公司员工累倒午睡，被同事误当尸体火化,2020-04-20,假,假新闻,"['美国', '纽约']"
17,4月20日北京市朝阳区被列为疫情高风险地区,2020-04-20,真,确有此事,"['北京', '朝阳区']"
18,美国纽约大量青壮年一发病就上呼吸机，是ADE导致,2020-04-20,假,谣言,"['纽约', '新型冠状病毒']"
19,北京市教委确认幼升小以及小升初预计推迟至今年七月,2020-04-19,假,谣言,"['北京', '开学时间']"
20,北京西站出现大量白衣人，意味着北京疫情大爆发,2020-04-18,假,谣言,"['北京西站', '新型冠状病毒']"
21,有论文证明新冠病毒可以通过鞋底传播4米,2020-04-17,假,谣言,"['新冠病毒', '鞋底']"
22,比尔·盖茨利用新冠疫情控制人口，完成人类清除计划,2020-04-17,假,谣言,"['比尔·盖茨', '新冠病毒']"
23,美国基于唾液的新冠病毒检测方法准确率100%,2020-04-16,疑,尚无定论,"['新型冠状病毒', '唾液']"
24,长期高浓度使用84消毒液，可能导致过敏性肺泡炎,2020-04-16,真,确实如此,"['84消毒液', '过敏性肺泡炎']"
25,特朗普请巫师到白宫施法以驱除新冠病毒,2020-04-15,假,谣言,"['新型冠状病毒', '特朗普']"
26,无症状感染者是新冠病毒后期的特征,2020-04-14,假,谣言,"['新型冠状病毒', '无症状感染者']"
27,氯喹和羟氯喹可以有效治疗新冠肺炎,2020-04-14,疑,尚无定论,"['新冠肺炎', '氯喹']"
28,剑桥研究可确定病毒有三个版本，原始版本美澳更常见,2020-04-13,疑,尚无定论,"['剑桥大学', '新型冠状病毒']"
29,伊维菌素可以治疗新冠肺炎,2020-04-13,假,谣言,"['伊维菌素', '新冠肺炎']"
30,北京市于4月12日官宣高三初三年级返校时间,2020-04-12,真,确有此事,"['北京', '开学']"
31,张文宏说武汉已经实现群体免疫,2020-04-12,假,谣言,"['武汉', '张文宏']"
32,5G是新冠病毒的元凶，没有5G就不会爆发疫情,2020-04-11,假,谣言,"['5G', '新型冠状病毒']"
33,武汉大智路数码港有无症状新冠肺炎患者倒地,2020-04-11,假,谣言,"['武汉', '新冠肺炎']"
34,美国新冠肺炎患者跳海自杀导致海盐污染，需要抢盐,2020-04-10,假,谣言,"['盐', '新型冠状病毒']"
35,柳州奖励援鄂医疗队员每人一辆汽车,2020-04-09,假,谣言,"['柳州', '援鄂医疗队']"
36,北京市于4月8日宣布高三年级4月27日开学,2020-04-09,假,谣言,"['北京', '开学时间']"
37,上海高三年级、初三年级于4月27日返校开学,2020-04-09,真,确有此事,"['上海', '开学时间']"
38,张文宏医生自曝收入和全家福,2020-04-08,假,谣言,"['张文宏', '华山医院']"
39,BBC4月7日称英国首相鲍里斯因新冠肺炎去世,2020-04-07,假,谣言,"['英国', '新冠肺炎']"
40,北京某区教委初步确认9月1日前不开学,2020-04-07,假,谣言,"['北京', '开学时间']"
41,美国用最先进的显微镜看到空气中充满病毒,2020-04-07,假,谣言,"['新型冠状病毒', '空气传播']"
42,停止食用烘焙食品！食用烘焙食品容易感染新冠病毒,2020-04-07,假,谣言,"['新型冠状病毒', '烘焙食品']"
43,意大利女孩确诊新冠肺炎后阳台自杀,2020-04-06,假,谣言,"['意大利', '新型冠状病毒']"
44,4月7日起廊坊市恢复机动车限行,2020-04-06,假,谣言,"['机动车限行', '廊坊']"
45,意大利民众因新冠疫情将纸币丢弃于大街,2020-04-05,假,谣言,"['意大利', '新型冠状病毒']"
46,柳絮会携带新冠病毒，从而导致跨区域性传播,2020-04-05,假,谣言,"['柳絮', '新型冠状病毒']"
47,病毒惹的祸：美国有很多感染的人绝望跳海了,2020-04-05,假,谣言,"['美国', '新型冠状病毒']"
48,卡介苗能够抵御新冠病毒,2020-04-05,疑,尚无定论,"['卡介苗', '新冠病毒']"
49,意大利警察当街把65岁以上的老年人都抓了关起来,2020-04-05,假,谣言,"['意大利', '新型冠状病毒']"
50,甘肃省已确定开学时间：4月9日起分批次有序开学,2020-04-04,真,确有此事,"['甘肃', '开学']"
51,山东省已确定开学时间：高中毕业年级4月15日开学,2020-04-04,真,确有此事,"['山东', '开学']"
52,新加坡总理李显龙确诊感染新冠肺炎,2020-04-03,假,谣言,"['新型冠状病毒', '李显龙']"
53,教育部宣布取消2020年6月的英语四六级考试,2020-04-03,假,谣言,"['英语四六级', '教育部']"
54,河北省教育厅发布公告：河北各学校于4月10日开学,2020-04-03,假,谣言,"['河北', '开学时间']"
55,男子为了不隔离从澳门游泳回珠海,2020-04-02,假,谣言,"['新型冠状病毒', '珠海']"
56,多地发生入室抢劫案，抢劫犯冒充防疫人员,2020-04-02,假,谣言,"['新型冠状病毒', '防疫人员']"
57,意大利政府将新冠病人尸体丢入万人坑,2020-04-02,假,谣言,"['意大利', '新型冠状病毒']"
58,视频：意大利情侣双双感染新冠肺炎，病房永别后去世,2020-04-01,假,谣言,"['新型冠状病毒', '意大利']"
59,新型冠状病毒可以通过空气传播,2020-04-01,疑,尚无定论,"['新型冠状病毒', '空气传播']"
60,新型冠状病毒无症状感染者存在传播风险,2020-03-31,真,确实如此,"['新型冠状病毒', '无症状感染者']"
61,喝柠檬苏打水可以预防新冠肺炎,2020-03-31,假,伪科学,"['柠檬', '小苏打']"
62,东京将于4月2日封城,2020-03-31,假,谣言,"['东京', '新型冠状病毒']"
63,新型冠状病毒会通过气溶胶传播,2020-03-31,疑,尚无定论,"['新型冠状病毒', '飞沫']"
64,2020年全国高考延期一个月举行,2020-03-31,真,确有此事,"['高考', '湖北省']"
65,吉林省教育厅于3月29日正式通知中小学延后开学,2020-03-31,假,谣言,"['吉林省', '中小学教育']"
66,上海市杨浦区一小区境外输入病例被带走,2020-03-30,假,谣言,"['上海', '新型冠状病毒']"
67,湖南省教育厅通告：全省高三初三年级4月7日开学,2020-03-29,真,确有此事,"['湖南', '开学']"
68,辽宁省教育局3月28日前公布了各学校具体开学时间,2020-03-28,假,谣言,"['辽宁', '中小学教育']"
69,天津市教育局于3月27日公布中小学及高校开学时间,2020-03-28,假,谣言,"['天津', '教学安排']"
70,英国首相鲍里斯确诊新冠肺炎,2020-03-28,真,确有此事,"['新型冠状病毒', '英国']"
71,世界男高音多明戈因新冠肺炎于3月26日去世,2020-03-27,假,谣言,"['多明戈', '新冠肺炎']"
72,中国出口捷克的新冠快速检测试剂错误率80%,2020-03-27,假,谣言,"['新冠病毒', '捷克']"
73,西班牙的中国公民可登记信息，撤侨按照登记顺序进行,2020-03-27,假,谣言,"['撤侨', '西班牙']"
74,四川省教育厅已于3月25日确定高三初三开学时间,2020-03-26,真,确有此事,"['四川', '开学时间']"
75,广东已于3月26日前确定学生返校时间,2020-03-26,假,谣言,"['广东', '开学时间']"
76,拥吻照里的意大利医生夫妇，抢救百名病人后感染死亡,2020-03-26,假,谣言,"['意大利', '新型冠状病毒']"
77,来自斯坦福医院的关于新冠肺炎的十点提醒,2020-03-25,假,谣言,"['新型冠状病毒', '斯坦福大学']"
78,喀麦隆机场警察开枪射击感染新冠肺炎的乘客,2020-03-25,假,谣言,"['喀麦隆', '新型冠状病毒']"
79,日常消毒时所有的消毒剂都能有效杀灭新型冠状病毒,2020-03-25,疑,有失实,"['新型冠状病毒', '消毒剂']"
80,武汉市政府不再对新冠肺炎病人免费治疗,2020-03-25,假,谣言,"['新型冠状病毒', '武汉']"
81,比尔盖茨发表公开信，称“病毒是伟大的纠错”,2020-03-25,假,谣言,"['新型冠状病毒', '比尔盖茨']"
82,哈佛大学校长夫妇确诊新冠肺炎,2020-03-25,真,确有此事,"['新型冠状病毒', '哈佛大学']"
83,意大利不再给60岁以上的新冠肺炎患者戴呼吸机,2020-03-25,假,谣言,"['意大利', '新型冠状病毒']"
84,首部抗疫剧钟南山饰演者已确定为陈道明,2020-03-25,假,谣言,"['钟南山', '陈道明']"
85,中铁十九局发布意大利建方舱医院招工简章,2020-03-24,假,谣言,"['意大利', '中铁十九局']"
86,海关不允许携带或寄递口罩出境,2020-03-24,假,谣言,"['口罩', '海关']"
87,新冠肺炎患者治愈后要佩戴14天手环,2020-03-24,假,谣言,"['新冠肺炎', '病毒']"
88,湖北疫情反弹医疗队暂缓离鄂,2020-03-24,假,谣言,"['新冠肺炎', '医疗队']"
89,一对夫妻登记结婚，男方叫辛冠，女方叫费妍,2020-03-24,假,谣言,"['新冠肺炎', '结婚证']"
90,每天用肥皂洗鼻窦可以降低感染肺炎风险,2020-03-24,假,谣言,"['新型冠状病毒', '肥皂']"
91,德国总理默克尔居家隔离,2020-03-23,真,确有此事,"['新型冠状病毒', '德国']"
92,江苏省政府公告开学时间，3月30日起分批次开学,2020-03-23,真,确有此事,"['江苏省', '开学时间']"
93,为让民众在家隔离，普京在街上放了800只狮子老虎,2020-03-23,假,谣言,"['新型冠状病毒', '俄罗斯']"
94,美国24小时内搭建180座野战医院，遍布美国各地,2020-03-22,假,谣言,"['美国', '野战医院']"
95,通知：全国的国际航班一律全部由上海承担飞行,2020-03-22,假,谣言,"['上海', '国际航班']"
96,受疫情影响，游客减少，威尼斯出现天鹅和海豚游泳,2020-03-22,假,谣言,"['威尼斯', '意大利']"
97,广州“女毒王”照片曝光，戴墨镜在国外游玩,2020-03-21,假,谣言,"['新冠病毒', '广州']"
98,中国球员武磊在西班牙确诊感染新冠病毒,2020-03-21,真,确有此事,"['武磊', '新冠病毒']"
99,美国启用10艘医疗舰驶入纽约港，收治新冠肺炎病人,2020-03-21,假,谣言,"['美国', '医疗舰']"
100,斯坦福大学：能憋气10秒就没感染新冠病毒,2020-03-21,假,谣言,"['新冠病毒', '斯坦福大学']"
101,武汉殡仪馆招募义工，工资日结，4000元/晚,2020-03-20,假,谣言,"['新型冠状病毒', '武汉']"
102,西班牙生物学家：C罗梅西收入高，找他们要疫苗,2020-03-20,假,谣言,"['C罗', '新型冠状病毒']"
103,成都已通告中小学分别在4月7、13、20日开学,2020-03-20,假,谣言,"['成都', '开学']"
104,因带宽压力，欧盟敦促网飞等平台停止提供高清视频,2020-03-20,真,确有此事,"['疫情', '网飞公司']"
105,如果身边朋友同事得过新冠肺炎，今后两年绝不能接触,2020-03-20,假,谣言,"['新型冠状病毒', '接触传播']"
106,援鄂医务人员均可获一枚纪念章，全家终生免费游湖北,2020-03-19,疑,有失实,"['新型冠状病毒', '援鄂医疗队']"
107,NBA球员欧文等三人新冠病毒检测结果呈阳性,2020-03-19,假,谣言,"['新型冠状病毒', 'NBA']"
108,江西省3月19前已官宣各级学校于4月5日分批开学,2020-03-19,假,谣言,"['江西', '新型冠状病毒']"
109,A型血更易感染新冠肺炎，O型血不易感,2020-03-18,疑,尚无定论,"['新型冠状病毒', '易感人群']"
110,市政府会仪（议）精神：3月22日可点对点返鄂返汉,2020-03-18,假,谣言,"['武汉', '新型冠状病毒']"
111,天津大中小学、幼儿园开学时间3月17日前已确定,2020-03-18,假,谣言,"['新型冠状病毒', '天津']"
112,福建高三和初三年级3月23日开学,2020-03-18,假,谣言,"['新型冠状病毒', '福建']"
113,石正丽警告：对疫情不必太乐观，蚊虫或成第三宿主,2020-03-17,假,谣言,"['武汉病毒所', '新型冠状病毒']"
114,《老人报》八年前预测新型冠状病毒会输入爆发,2020-03-17,假,谣言,"['疾病爆发', '预测']"
115,布鲁塞尔地铁一男子舔手后把口水抹在车厢扶手上,2020-03-17,真,确有此事,"['比利时', '布鲁塞尔']"
116,日本医生建议：大量喝水保持喉咙湿润，预防新冠病毒,2020-03-16,假,伪科学,"['新型冠状病毒', '传染病']"
117,视频：特朗普感染新冠肺炎，演讲时晕倒，副总统接任,2020-03-16,假,谣言,"['特朗普', '新冠病毒']"
118,C罗买下了一座小岛暂住，以隔离新冠病毒,2020-03-16,假,谣言,"['C罗', '新型冠状病毒']"
119,连云港市东海县境外回国人员确诊新冠肺炎,2020-03-15,假,谣言,"['新型冠状病毒', '连云港']"
120,北京一名代购韩国扫货回国后不隔离,2020-03-15,假,谣言,"['新型冠状病毒', '韩国']"
121,武汉一家五口因发热瞒报被送医,2020-03-15,假,谣言,"['武汉', '新型冠状病毒']"
122,特朗普新冠病毒测试结果呈阳性,2020-03-15,假,谣言,"['新型冠状病毒', '特朗普']"
123,马来西亚巫师病床作法抓新冠病毒后遭隔离,2020-03-14,假,谣言,"['马来西亚', '新型冠状病毒']"
124,意大利卫生部长感染新型冠状病毒去世,2020-03-14,假,谣言,"['意大利', '新型冠状病毒']"
125,巴西总统博索纳罗确诊新冠肺炎,2020-03-14,假,假新闻,"['巴西', '新型冠状病毒']"
126,武汉青山区某隔离点有32名因疫情失去监护人的孤儿,2020-03-13,假,谣言,"['武汉', '新型冠状病毒']"
127,意大利大使馆防疫物资采购清单流出,2020-03-13,假,谣言,"['意大利', '新型冠状病毒']"
128,湖南汨罗新增19例新冠肺炎患者,2020-03-13,假,谣言,"['汨罗', '新型冠状病毒']"
129,意大利新冠疫情严重，军方动用坦克封城,2020-03-12,假,谣言,"['意大利', '坦克']"
130,北京4月6日大学中学开学，20日小学幼儿园开学,2020-03-12,假,谣言,"['北京', '开学']"
131,上海3月16日起出行正常化，4月6日起陆续开学,2020-03-12,假,谣言,"['上海', '开学']"
132,汤姆·汉克斯宣布他和妻子感染新冠病毒,2020-03-12,真,确有此事,"['汤姆汉克斯', '新型冠状病毒']"
133,NBA官方确认暂停2019-2020赛季,2020-03-12,真,确有此事,"['新型冠状病毒', 'NBA']"
134,戴口罩可以吹灭蜡烛打火机火苗，说明口罩不合格,2020-03-12,假,伪科学,"['口罩', '蜡烛']"
135,合格的口罩会吸附大量纸屑，反之就是不合格的口罩,2020-03-11,假,伪科学,"['口罩', '吸附纸屑']"
136,新型冠状病毒和乙肝病毒一样,2020-03-11,假,谣言,"['乙肝', '新型冠状病毒']"
137,中国捐助日本的检测试剂盒被美国强行拦截，已经用完,2020-03-11,假,谣言,"['新型冠状病毒', '检测试剂盒']"
138,里皮：中国下决心做一件事时执行力很强，除了足球,2020-03-11,假,谣言,"['里皮', '中国']"
139,政府通告：3月11日起南阳市全面恢复生产生活秩序,2020-03-11,真,确有此事,"['复工', '南阳']"
140,抗病毒药阿昔洛韦能有效预防新冠肺炎,2020-03-10,假,伪科学,"['新型冠状病毒', '阿昔洛韦']"
141,河南省中小学幼儿园3月14日起陆续开学,2020-03-10,假,谣言,"['新型冠状病毒', '河南']"
142,3月16日起天津恢复尾号限行,2020-03-10,假,谣言,"['天津', '尾号限行']"
143,武汉天河机场复航日期已确定,2020-03-10,假,谣言,"['武汉', '天河机场']"
144, 新冠病毒能在康复者体内存留数周但传染力变弱,2020-03-10,疑,尚无定论,"['新型冠状病毒', '核酸检测']"
145,吴好运于泉州欣佳宾馆隔离期间死亡，没躲过追杀,2020-03-10,假,谣言,"['新型冠状病毒', '泉州']"
146,新冠肺炎患者的母乳中有新冠病毒,2020-03-10,疑,尚无定论,"['新型冠状病毒', '接触传播']"
147,中国禁止医用口罩出口,2020-03-10,假,谣言,"['新型冠状病毒', '出口限制']"
148,中国驻韩国使馆3月份暂停办理中国护照,2020-03-10,假,谣言,"['新型冠状病毒', '韩国']"
149,钟南山预测：五年后人民体质会整体下降，养生是防火,2020-03-09,疑,有失实,"['钟南山', '养生']"
150,市政府：3月16日居民出行正常化，17日公交正常,2020-03-09,假,谣言,"['出行', '公交']"
151,上海虹口足球场成为集中隔离点,2020-03-09,假,谣言,"['新型冠状病毒', '上海']"
152,上海港汇恒隆广场被封，确诊一例，意大利人！,2020-03-08,假,谣言,"['新型冠状病毒', '上海']"
153,每天用肥皂洗鼻窦可以降低感染肺炎风险,2020-03-08,假,谣言,"['新型冠状病毒', '疾病预防']"
154,北医三院曾海基：中医治疗新冠肺炎320例无一死亡,2020-03-08,假,谣言,"['新型冠状病毒', '北京大学第三医院']"
155,李跃华夫妇受韩国邀请前往抗疫，代表国家出征邻国,2020-03-08,假,谣言,"['李跃华', '新型冠状病毒']"
156,政府已通告荆州将于3月10号解封复工,2020-03-08,假,谣言,"['新型冠状病毒', '交通管制']"
157,湖北产地的水果不能吃,2020-03-08,假,谣言,"['新型冠状病毒', '湖北']"
158,新冠病毒会在夏季自行消失,2020-03-07,疑,尚无定论,"['新型冠状病毒', '世界卫生组织']"
159,名字里带“氯”的消毒剂就是含氯消毒剂,2020-03-07,疑,有失实,"['含氯消毒剂', '次氯酸']"
160,牛蛙、甲鱼等已被列入禁食名单,2020-03-06,假,谣言,"['野生动物', '新型冠状病毒']"
161,支援武汉的上海52岁男医生感染新冠肺炎去世,2020-03-07,假,谣言,"['新型冠状病毒肺炎', '上海']"
162,意大利86人因新冠肺炎被隔离在妓院里14天,2020-03-06,假,谣言,"['意大利', '西班牙']"
163,教育部确定今年高考延期至6月26日举行,2020-03-06,假,谣言,"['高考', '延期']"
164,宠物狗会传播新型冠状病毒,2020-03-05,疑,尚无定论,"['宠物狗', '新型冠状病毒']"
165,腾讯课堂给违反纪律的学生发短信，要求交纳罚款,2020-03-05,假,谣言,"['腾讯课堂', '诈骗短信']"
166,钟南山近日出征欧洲，指导其他国家抗击疫情,2020-03-05,假,谣言,"['钟南山', '新型冠状病毒']"
167,花岗岩能预防新冠肺炎感染,2020-03-05,假,伪科学,"['新型冠状病毒', '花岗岩']"
168,意大利零号病人是去夏威夷度假后被感染,2020-03-05,假,谣言,"['意大利', '零号病人']"
169,日本厂家推出一体化防护头盔,2020-03-04,假,谣言,"['新型冠状病毒', '日本']"
170,安宫牛黄丸可预防新冠肺炎,2020-03-04,疑,尚无定论,"['安宫牛黄丸', '新型冠状病毒']"
171,降压药会加重已感染新冠病毒的高血压患者病情,2020-03-04,假,谣言,"['降压药', '新型冠状病毒']"
172,降压药会增加高血压患者感染病毒的风险,2020-03-04,疑,尚无定论,"['降压药', '新型冠状病毒']"
173,用烟草能研发出新冠肺炎疫苗,2020-03-04,疑,尚无定论,"['新冠肺炎', '疫苗']"
174,中国女子给美国捐赠20万只口罩后获得绿卡,2020-03-03,假,谣言,"['宁波', '口罩']"
175,疫情期间可以通过大强度锻炼提高抵抗力,2020-03-03,假,伪科学,"['锻炼', '抵抗力']"
176,韩国16名护士因新冠肺炎疫情集体辞职,2020-03-03,假,谣言,"['韩国', '新型冠状病毒']"
177,青蒿素可以治疗新型冠状病毒肺炎,2020-03-02,疑,尚无定论,"['青蒿素', '新型冠状病毒']"
178,可以通过褶皱方向、鼻夹或耳带来判断口罩正反面,2020-03-02,疑,分情况,"['口罩', '正反面']"
179,湖北黄冈村民误服二氧化氯消毒片,2020-03-02,真,确有此事,"['湖北黄冈', '消毒片']"
180,李跃华的穴位注射苯酚疗法对新冠肺炎治疗有效,2020-03-02,疑,尚无定论,"['针灸', '新型冠状病毒']"
181,一封来自武大女博士新冠肺炎的遗书,2020-03-02,假,谣言,"['武汉大学', '女博士']"
182,意大利尤文图斯俱乐部有三名球员感染新冠病毒,2020-03-02,假,谣言,"['新型冠状病毒', '尤文图斯']"
183,熔喷布燃烧无烟无焦，据此可以区分口罩真假,2020-03-01,假,伪科学,"['口罩', '熔喷布']"
184,大批华侨包机从国外回安徽避难,2020-03-01,假,谣言,"['华侨', '新型冠状病毒']"
185,河南省正式公布各市县区疫情等级名单,2020-03-01,假,谣言,"['河南', '新型冠状病毒']"
186,湖南益阳一武大学生传染了爷爷，并接触790人,2020-03-01,假,谣言,"['益阳', '新型冠状病毒']"
187,物美员工出现群体性发热，涉及北京7家门店,2020-03-01,假,谣言,"['物美', '新型冠状病毒']"
188,台湾专家：根据一篇论文可以得出新冠病毒源头是美国,2020-02-29,假,伪科学,"['新型冠状病毒', '美国']"
189,可以确定美国病毒是5株，中国2株，伊朗和美国一样,2020-02-29,假,伪科学,"['毒株', '美国']"
190,新冠病毒家庭版试剂盒上市，在家指尖采血就可以测,2020-02-29,假,谣言,"['新型冠状病毒', '测试盒']"
191,伊朗副总统确诊新冠肺炎后，政府官员不戴口罩探望,2020-02-29,假,谣言,"['伊朗', '新型冠状病毒肺炎']"
192,美国的电子烟肺炎是新型冠状病毒导致,2020-02-29,假,伪科学,"['新型冠状病毒', '电子烟']"
193,韩国人坐飞机到达成都，仅量体温就放行，不隔离,2020-02-29,假,谣言,"['韩国', '成都']"
194,因疫情严重，哈尔滨封城,2020-02-29,假,谣言,"['新型冠状病毒', '哈尔滨']"
195,视频：蒙古国捐赠中国的三万只羊正在二连浩特入境,2020-02-28,假,谣言,"['蒙古国', '羊']"
196,鸡屎藤能预防新型冠状病毒,2020-02-28,假,谣言,"['鸡屎藤', '新冠肺炎']"
197,急救改用吸痰机，武汉疫情一天死亡人数减半,2020-02-28,假,谣言,"['呼吸机', '吸痰机']"
198,狗能感染新型冠状病毒,2020-02-28,疑,尚无定论,"['新型冠状病毒', '感染']"
199,成龙感染新型冠状病毒肺炎被隔离,2020-02-28,假,谣言,"['成龙', '新冠肺炎']"
200,美国疾控中心确认新冠病毒源头是美国,2020-02-28,假,谣言,"['美国疾控中心', '新型冠状病毒']"
201,长沙学校推迟至4月20日复课,2020-02-27,假,谣言,"['长沙', '新型冠状病毒']"
202,喝茶能有效预防新型冠状病毒肺炎,2020-02-27,假,谣言,"['茶', '新型冠状病毒']"
203,苦木注射液对新冠肺炎的治疗有效,2020-02-27,疑,尚无定论,"['苦木注射液', '中药制剂']"
204,疫情期间橘子不能边剥边吃,2020-02-27,假,谣言,"['橘子', '新型冠状病毒']"
205,河南方中山胡辣汤店被勒令关门,2020-02-27,假,谣言,"['钟南山', '胡辣汤']"
206,人民大会堂一人一桌招待世卫组织客人,2020-02-26,假,谣言,"['人民大会堂', '世卫组织']"
207,湖北天门将外省捐赠的萝卜倒入垃圾站,2020-02-26,假,谣言,"['天门', '萝卜']"
208,韩国人去青岛躲避疫情导致航班爆满，入境不用被隔离,2020-02-26,假,谣言,"['韩国', '青岛']"
209,喝单枞茶可以预防新冠肺炎,2020-02-26,假,谣言,"['单枞茶', '新型冠状病毒']"
210,洋葱可以吸附新冠病毒,2020-02-26,假,谣言,"['洋葱', '新型冠状病毒']"
211,陕西甘肃湖南的村民在公园闲逛被要求背防疫手册,2020-02-26,假,谣言,"['村民', '防疫手册']"
212,日本除菌卡（消毒卡）挂身上能预防新型冠状病毒,2020-02-26,疑,有失实,"['除菌卡', '消毒卡']"
213,深圳一“新冠肺炎已治愈患者”闯地铁致安检员被隔离,2020-02-25,真,确有此事,"['新冠肺炎', '深圳地铁']"
214, 对新冠肺炎患者，低分子肝素可以有效治疗血栓,2020-02-25,疑,有失实,"['新型冠状病毒', '低分子肝素']"
215,口服新型冠状病毒疫苗已经研发成功,2020-02-25,假,谣言,"['天津大学', '黄金海']"
216,北京积水潭医院要建方舱医院,2020-02-25,假,谣言,"['北京', '方舱医院']"
217,武汉西马街养老院120个老人全感染新冠肺炎,2020-02-25,假,谣言,"['武汉', '新型冠状病毒肺炎']"
218,斯洛伐克总理彼得·佩列格里尼感染新冠肺炎,2020-02-25,假,谣言,"['斯洛伐克总理', '彼得·佩列格里尼']"
219,盘龙城美府明苑一女士为了出去买点肉，从十楼爬下来,2020-02-25,疑,有失实,"['武汉', '肺炎疫情']"
220,新冠肺炎疫情在美国早已爆发，美国还没缓过神来,2020-02-25,疑,有失实,"['美国', '疫情爆发']"
221,国家体育总局下发4月30日前禁止办赛通知,2020-02-24,假,谣言,"['国家体育总局', '体育比赛']"
222,2月24日温州爆发新冠肺炎疫情，多人感染,2020-02-24,假,谣言,"['温州', '新型冠状病毒']"
223,新冠病毒会像流感病毒一样季节性爆发,2020-02-24,疑,尚无定论,"['新型冠状病毒', '石正丽']"
224,使用光催化设备能有效预防新型冠状病毒感染,2020-02-24,疑,有失实,"['光催化设备', '新型冠状病毒']"
225,有CN95认证的车可以防病毒,2020-02-24,疑,有失实,"['新型冠状病毒', 'N95口罩']"
226,接触到新冠肺炎患者的汗水就会感染新冠病毒,2020-02-24,疑,有失实,"['汗水', '体液']"
227,美国吹哨人爆料美国新冠肺炎感染者已超1000例,2020-02-24,假,谣言,"['美国', '流感']"
228,2月25日-3月10日武汉所有商店关门,2020-02-24,假,谣言,"['武汉', '新型冠状病毒']"
229,北京通报的新冠肺炎病人不含外地人,2020-02-23,假,谣言,"['北京', '新型冠状病毒肺炎']"
230,视频：江西赣州解禁第四天赶集，多人未戴口罩,2020-02-23,真,确有此事,"['江西', '赶集']"
231,研究发现新冠病毒的源头不是华南海鲜市场,2020-02-23,真,确有此事,"['新型冠状病毒', '华南海鲜市场']"
232,京东物流司机感染新冠病毒后死在车里,2020-02-23,假,谣言,"['京东', '物流司机']"
233,广州水投集团内部员工对话泄露：自来水数倍加氯,2020-02-23,假,谣言,"['广州', '自来水']"
234,武汉两名新冠肺炎患者治愈后复发,2020-02-23,假,谣言,"['武汉', '新型冠状病毒']"
235,武汉一小区因团购导致30多人感染新冠肺炎,2020-02-23,假,谣言,"['武汉', '团购']"
236, 网上团购的生鲜食物会携带新冠病毒,2020-02-23,假,谣言,"['团购', '生鲜']"
237,钟南山：至今确诊一万多例，无一素食者感染新冠病毒,2020-02-23,假,谣言,"['素食者', '新型冠状病毒']"
238,武汉中心医院急诊科主任艾芬感染新冠肺炎去世,2020-02-23,假,谣言,"['武汉中心医院', '新型冠状病毒肺炎']"
239,一次性口罩垫片可以起到防护作用,2020-02-23,疑,分情况,"['口罩', '口罩垫片']"
240,国家要求全部房东的出租行为，全部减免租金,2020-02-22,疑,有失实,"['肺炎疫情', '国家一级响应']"
241,俄罗斯科学家验证新冠病毒为人工合成病毒,2020-02-22,假,谣言,"['新型冠状病毒', '俄罗斯']"
242,10年前陈国生就预测预言了新冠肺炎的爆发,2020-02-22,假,谣言,"['陈国生', '神预言']"
243,建设火神山医院的工人要结算工资了，许多人坚决不要,2020-02-22,疑,有失实,"['火神山医院', '工资']"
244,核酸检测结果阴性不能排除新型冠状病毒感染,2020-02-22,真,确实如此,"['新型冠状病毒', '核酸检测']"
245,日媒：美疾控2月14日称部分流感患者死于新冠肺炎,2020-02-22,假,谣言,"['新冠肺炎', '美国流感']"
246,外出检测体温，最好测手腕！ 红外线测温仪伤害眼睛,2020-02-22,疑,有失实,"['红外线体温计', '视力']"
247,知网限时免费赠送论文查重券,2020-02-22,假,谣言,"['论文查重', '限时免费']"
248,病毒会沾在头发上，每次外出回家都需要洗头,2020-02-22,疑,有失实,"['洗头', '新型冠状病毒']"
249,循环使用的地铁票会传播病毒,2020-02-22,疑,有失实,"['地铁票', '新型冠状病毒']"
250,使用二氧化氯贴片能预防新型冠状病毒，且无毒无害,2020-02-21,疑,有失实,"['新型冠状病毒', '肺炎']"
251,新型冠状病毒能通过皮肤侵入人体,2020-02-21,假,谣言,"['新型冠状病毒', '皮肤']"
252,全国30个省市疫情结束倒计时已正式公布,2020-02-21,假,谣言,"['新型冠状病毒', '肺炎']"
253,闻到新冠肺炎患者的屁，就会感染新冠病毒,2020-02-21,疑,有失实,"['新冠肺炎患者', '屁']"
254,柬埔寨首相洪森确诊新冠肺炎,2020-02-21,假,谣言,"['新冠病毒', '肺炎']"
255,土霉素对新型冠状病毒肺炎治疗有效,2020-02-21,假,谣言,"['新型冠状病毒', '土霉素']"
256,钟南山预测：3月10日后各地将陆续解除限制,2020-02-21,假,谣言,"['钟南山', '新型冠状病毒肺炎']"
257,武汉长江大桥燃放烟花驱疫,2020-02-21,假,谣言,"['武汉', '烟花']"
258,江苏省内所有卡点于2月20日晚全部拆除,2020-02-21,假,谣言,"['新型冠状病毒', '江苏省']"
259,视频：钟南山看望林正斌教授，林教授哀求：救救我,2020-02-20,假,谣言,"['钟南山', '林正斌']"
260,深圳的学校将于3月2日起分批开学,2020-02-20,假,谣言,"['深圳', '学校']"
261,新型冠状病毒是由实验室制造的生物武器,2020-02-20,假,谣言,"['世卫组织', '新型冠状病毒']"
262,流行性传染病暴发后，找到零号病人至关重要,2020-02-20,疑,分情况,"['零号病人', '新型冠状病毒']"
263,国家发口罩钱了，微信医疗健康每日都能领福利,2020-02-20,疑,有失实,"['健康金', '口罩']"
264,自来水采用上限标准加氯消毒，用水时最少静置两小时,2020-02-20,假,谣言,"['自来水', '氯气']"
265,买回家的蔬菜必须用75%的酒精消毒,2020-02-20,假,伪科学,"['新型冠状病毒', '蔬菜']"
266,蜂毒（蜂针和蜂毒注射液治疗）能抑制新型冠状病毒,2020-02-20,假,谣言,"['新型冠状病毒', '蜜蜂']"
267,北京大中小学将于3月初开学,2020-02-19,假,谣言,"['北京', '开学']"
268,新型冠状病毒损伤肾脏和睾丸，因此会影响生育,2020-02-19,疑,尚无定论,"['新型冠状病毒', '肾脏']"
269,中国要满足28天无新增病例的摘帽规则才能启动复航,2020-02-19,假,谣言,"['WHO', '新型冠状病毒']"
270,成都、宁波、福州等地学校将于3月2日开学,2020-02-19,假,谣言,['']
271,温州出现新病毒，490例里40%是全新变异的病毒,2020-02-19,假,谣言,"['温州', '病毒变异']"
272,重楼可以抑制新型冠状病毒,2020-02-18,疑,尚无定论,"['重楼', '新型冠状病毒']"
273,毛桃根可抗新型冠状病毒,2020-02-18,假,谣言,"['毛桃根', '新型冠状病毒']"
274,疫情期间从医院等地回收的现金将直接被销毁,2020-02-18,疑,分情况,"['现金', '消毒']"
275,胡柚能治疗新型冠状病毒肺炎,2020-02-18,假,谣言,"['胡柚', '新型冠状病毒']"
276,轻症患者手粘唾液触碰眼口鼻会转化为重症,2020-02-18,假,谣言,"['新型冠状病毒', '唾液']"
277,磷酸氯喹是治疗新冠肺炎的特效药,2020-02-18,疑,尚无定论,"['新型冠状病毒', '肺炎']"
278,威士忌加蜂蜜加开水对抗新冠肺炎有效,2020-02-17,假,谣言,"['威士忌', '蜂蜜']"
279,杨桃叶子泡水喝能预防新型冠状病毒,2020-02-17,假,谣言,"['杨桃叶子', '新型冠状病毒']"
280,华南海鲜市场供货商徐翠芹发文忏悔,2020-02-17,假,谣言,"['华南海鲜市场', '徐翠芹']"
281,在口罩中间垫上餐巾纸可以有效阻断新冠病毒,2020-02-17,假,伪科学,"['口罩', '餐巾纸']"
282,新型冠状病毒会通过眼结膜传染,2020-02-17,疑,尚无定论,"['新型冠状病毒', '眼结膜']"
283,灵芝可以预防新型冠状病毒,2020-02-17,疑,尚无定论,"['灵芝', '新型冠状病毒']"
284,别吃淡水鱼！确认粪口传播，很多地方在鱼塘洗便桶,2020-02-17,假,谣言,"['淡水鱼', '粪口传播']"
285,鱼腥草可以预防和治疗新型冠状病毒肺炎,2020-02-17,假,伪科学,"['鱼腥草', '新型冠状病毒']"
286,“追殡葬车哭着喊妈妈”的女孩去世了,2020-02-16,假,谣言,"['武汉', '新型冠状病毒']"
287,燕窝可以提升免疫系统，预防新型冠状病毒,2020-02-16,假,伪科学,"['新型冠状病毒', '燕窝']"
288,武汉病毒所女研究生黄燕玲是新冠肺炎零号病人,2020-02-16,假,谣言,"['新型冠状病毒肺炎', '零号病人']"
289,大家可以用室内臭氧去杀死新型冠状病毒,2020-02-16,假,伪科学,"['室内臭氧', '消毒']"
290,多喝热水姜汤、运动、盖被子、晒太阳能预防新冠病毒,2020-02-16,假,谣言,"['新型冠状病毒', '热水']"
291,艾叶和艾灸可以杀毒除菌，预防新型冠状病毒肺炎,2020-02-16,疑,存在争议,"['艾草', '肺炎']"
292,2月17日起至疫情防控结束全国高速所有车免费通行,2020-02-16,真,确有此事,"['新冠肺炎', '高速公路']"
293,下雪天不要玩雪，会感染新型冠状病毒,2020-02-16,假,谣言,"['雪天', '玩雪']"
294,沉香可以预防新型冠状病毒,2020-02-15,假,谣言,"['新型冠状病毒', '沉香']"
295,化橘红可以缓解新型冠状病毒肺炎症状,2020-02-15,疑,尚无定论,"['新型冠状病毒', '化橘红']"
296,卫生间排气扇形成的负压会把下水管的病菌抽在空气里,2020-02-15,疑,有失实,"['排气扇', '病菌']"
297,美国华裔专家的“自救措施”能治疗新型冠状病毒肺炎,2020-02-15,假,伪科学,"['维生素C', '新型冠状病毒']"
298,澳洲斥资20亿澳元专门开发新冠肺炎疫苗,2020-02-15,疑,有失实,"['澳大利亚', '新型冠状病毒']"
299,印度南部新冠肺炎大爆发，几十人确诊数千人隔离,2020-02-15,假,假新闻,"['印度', '新型冠状病毒']"
300,穿防静电服能隔绝新型冠状病毒,2020-02-15,假,伪科学,"['新型冠状病毒', '医用防护服']"
301,共用水银腋下体温针会造成交叉传染,2020-02-15,假,谣言,"['新型冠状病毒', '接触传播']"
302,湖北产的大米上可能有新型冠状病毒,2020-02-15,假,谣言,"['湖北', '大米']"
303,疫情期间吃水果必须削皮,2020-02-15,假,谣言,"['水果', '新型冠状病毒']"
304,煮好的花椒水可以医治新型冠状病毒肺炎,2020-02-15,假,谣言,"['新型冠状病毒', '花椒']"
305,等离子空气消毒机可以杀灭新型冠状病毒,2020-02-15,疑,尚无定论,"['等离子', '新型冠状病毒']"
306,香囊可以预防新型冠状病毒,2020-02-14,假,伪常识,"['香囊', '新型冠状病毒']"
307,戴隐形眼镜会增加感染新冠病毒的几率,2020-02-14,假,伪科学,"['隐形眼镜', '增加染病风险']"
308,新冠病毒康复者的血浆能有效治疗重症患者,2020-02-14,疑,尚无定论,"['血浆', '新型冠状病毒']"
309,浙江一新生儿取名为“戴口罩”,2020-02-14,假,谣言,"['浙江', '新生儿']"
310,2月16日温州市居民出行正常化,2020-02-14,假,谣言,"['温州', '新型冠状病毒']"
311,因为喝马黛茶，阿根廷人很少得传染病,2020-02-14,假,谣言,"['阿根廷', '马黛茶']"
312,含有抗菌成分的肥皂比普通肥皂有效,2020-02-14,假,伪科学,"['肥皂', '抗菌']"
313,准备15个口罩，一天一个，用完密封，可以循环使用,2020-02-14,疑,有失实,"['新型冠状病毒', '口罩']"
314,疫情大爆发，上海新增确诊病例三千多例,2020-02-13,假,谣言,"['上海', '新型冠状病毒']"
315,天气暖和从南方回归北方的鸟会带回病毒，感染人类,2020-02-13,疑,有失实,"['新型冠状病毒', '疾病传播']"
316,甘草酸二铵＋维生素C＋芦丁片可以缓解新冠肺炎,2020-02-13,疑,尚无定论,"['甘草酸二铵', '维生素C']"
317,钟南山团队研究表明，吸烟者病毒感染率远低于非烟民,2020-02-13,假,谣言,"['钟南山', '吸烟']"
318,武汉男子口罩喷酒精戴，坐电梯遇84消毒瞬间死亡,2020-02-13,假,谣言,"['酒精', '84消毒液']"
319,网上流传的“日本冠状病毒防疫指南”是日本官方指南,2020-02-13,假,谣言,"['冠状病毒', '日本']"
320,有空看看，东部战区总院呼吸科权威宋勇新冠病毒回答,2020-02-13,假,谣言,"['宋勇', '新冠肺炎']"
321,吃野菜会感染新型冠状病毒,2020-02-13,假,谣言,"['野菜', '新型冠状病毒']"
322,进门前把衣物放到整理箱密封，4小时后细菌就死透了,2020-02-13,假,伪科学,"['新型冠状病毒', '酒精']"
323,肺部自测：憋气50秒以上，肺功能强大,2020-02-13,假,伪科学,"['憋气', '肺炎']"
324,每15分钟喝一口水保持喉咙湿润可预防新型冠状病毒,2020-02-13,假,伪科学,"['新型冠状病毒', '传染病']"
325,上海市已经官宣5月1日开学,2020-02-12,假,谣言,"['上海', '教育']"
326,阴雨天和大雾天会增加新冠病毒感染风险,2020-02-12,疑,尚无定论,"['新型冠状病毒', '传染病']"
327,男性精液能抑制新型冠状病毒,2020-02-12,假,谣言,"['新型冠状病毒', '埃博拉病毒']"
328,左氟沙星眼药水可以防止新冠病毒从眼部进入,2020-02-12,假,谣言,"['左氟沙星眼药水', '新型冠状病毒']"
329,武汉火神山医院3万月薪招保洁员,2020-02-12,假,谣言,"['武汉', '火神山医院']"
330,湖北随州一家人因染病厌世从27楼往下撒钱,2020-02-12,假,谣言,"['湖北随州', '新型冠状病毒']"
331,钟南山称赞吃牛羊肉的蒙古同胞身体好,2020-02-12,假,谣言,"['钟南山', '牛羊肉']"
332,拔头两侧的白发可以防治新型冠状病毒肺炎,2020-02-12,假,谣言,"['新型冠状病毒', '接触性皮炎']"
333,钟南山亲自送女儿援助湖北,2020-02-12,假,谣言,"['钟南山', '李少芬']"
334,雄黄可以杀死新型冠状病毒,2020-02-12,假,伪科学,"['雄黄', '新型冠状病毒']"
335,99.7%的无水乙醇可以稀释到75%后作消毒用,2020-02-12,真,确实如此,"['消毒', '乙醇']"
336,用火烧不着的口罩是真口罩,2020-02-11,假,伪科学,"['口罩', '材质']"
337,松茸蘑菇能预防新型冠状病毒,2020-02-11,假,伪科学,"['松茸', '新型冠状病毒']"
338,新型冠状病毒肺炎是自限性疾病,2020-02-11,真,确实如此,"['新冠肺炎', '自限性疾病']"
339,塑料袋装水堵地漏，能防止气溶胶传播病毒,2020-02-11,假,伪科学,"['地漏', '气溶胶传播']"
340,苏州一企业提前开工员工确认感染，隔离200余人,2020-02-11,假,谣言,"['苏州', '新型冠状病毒']"
341,口罩放到烤箱烤30分钟后还可以继续使用,2020-02-11,疑,分情况,"['口罩', '消毒']"
342,印尼因为费用太高不对回国学生检测,2020-02-11,疑,有失实,"['印尼', '撤侨']"
343,益生菌能防治新型冠状病毒肺炎,2020-02-11,假,谣言,['益生菌']
344,非上海户籍不再列入新增确诊病例中,2020-02-11,假,谣言,"['新型冠状病毒肺炎', '上海']"
345,闻洋葱能预防新型冠状病毒肺炎,2020-02-10,假,谣言,"['新型冠状病毒', '洋葱']"
346,钟南山：新冠肺炎治愈后会留后遗症，比SARS严重,2020-02-10,假,谣言,"['钟南山', '新冠肺炎']"
347,来自抗击疫情一线消息，李留树博士刚从武汉打来电话,2020-02-10,假,谣言,"['瑞德西韦', '新型冠状病毒']"
348,深呼吸后屏气5-10秒，如果没咳嗽，说明没有肺炎,2020-02-10,假,谣言,"['深呼吸', '新型冠状病毒']"
349,用纸尿裤（尿不湿）制作口罩可防护新型冠状病毒感染,2020-02-10,假,伪科学,"['新型冠状病毒', '尿不湿']"
350,济南市2月10日晚上12点大面积消杀、消毒,2020-02-10,假,谣言,"['济南', '主干道消杀']"
351,2月9、10日晚，广州采取雾炮，对全城进行大消杀,2020-02-10,假,谣言,"['广州', '新型冠状病毒']"
352,北京2月10日晚对全市主干道进行大面积消毒工作,2020-02-10,假,谣言,"['北京', '新型冠状病毒']"
353,哈佛八剑客、李开复、庄晓莹集体回国援助武汉,2020-02-10,假,谣言,"['哈佛八剑客', '新型冠状病毒']"
354,可以通过防水与否鉴别口罩的真假,2020-02-10,假,伪科学,"['新型冠状病毒', '口罩']"
355,吃猪肉会感染新型冠状病毒,2020-02-10,假,谣言,"['猪肉', '新型冠状病毒']"
356,外国人去过公厕就感染，机场车站公厕高风险，别去,2020-02-10,疑,有失实,"['新型冠状病毒', '粪口传播']"
357,为了降低气溶胶传播几率，应该把二氧化氯放进加湿器,2020-02-10,假,谣言,"['新型冠状病毒', '气溶胶传播']"
358,新型冠状病毒就是SARS冠状病毒,2020-02-09,假,谣言,['新型冠状病毒']
359,公共厕所常见的干手器能在30秒内杀死新型冠状病毒,2020-02-09,假,伪科学,"['新型冠状病毒', '干手机']"
360,山东兰陵县146万人无一感染，因其为大蒜种植区,2020-02-09,假,谣言,"['山东兰陵县', '大蒜']"
361,电动口罩可以预防新型冠状病毒,2020-02-09,疑,分情况,"['电动口罩', '新型冠状病毒']"
362,李文亮医生生前视频曝光,2020-02-09,假,谣言,"['李文亮医生', '跳舞']"
363,气溶胶多在ICU因呼吸机等操作产生，一般环境罕见,2020-02-09,真,确实如此,"['气溶胶', '新型冠状病毒']"
364,北京乘坐公交地铁要看身份证,2020-02-09,假,谣言,"['北京', '地铁']"
365,成都乘坐公共交通工具需要身份证,2020-02-09,假,谣言,"['成都', '公共交通工具']"
366,成都每户家庭每两天只可安排一人外出买东西,2020-02-09,假,谣言,"['成都', '社区管理']"
367,哈尔滨市坐公交得出示身份证,2020-02-09,假,谣言,"['哈尔滨', '坐公交']"
368, 澳洲华人捐赠的物资“乘专机”返华,2020-02-09,假,谣言,"['澳洲', '肯尼亚']"
369,南京市乘坐公共交通工具要带身份证,2020-02-09,假,谣言,"['公共交通', '身份证']"
370,南京全市主干道今晚12点进行大面积消杀,2020-02-09,假,谣言,"['南京', '传染病']"
371,无症状患者也可以传播新型冠状病毒,2020-02-09,真,确实如此,"['新型冠状病毒', '传染病']"
372,抗生素能有效预防和治疗新型冠状病毒,2020-02-09,假,谣言,"['新型冠状病毒', '抗生素']"
373,对口罩喷酒精消毒后可以反复使用,2020-02-08,疑,有失实,"['口罩', '喷洒酒精']"
374,口罩放到玻璃瓶里用开水煮十分钟消毒后可以反复使用,2020-02-08,假,伪科学,"['口罩', '消毒方法']"
375,新冠病毒欺骗性强，治疗时表面转阴，但不产生抗体,2020-02-08,假,伪科学,"['新型冠状病毒', '核酸检测']"
376,用吹风机最高档吹口罩30分钟可以消毒,2020-02-08,假,伪科学,"['口罩', '吹风机']"
377,上海主干道今晚12点大面积消毒，10点后不要出门,2020-02-08,假,谣言,"['上海', '消毒']"
378,钟南山推荐的防疫凉茶能预防新型冠状病毒,2020-02-08,假,谣言,"['钟南山', '中药']"
379,春节假期再次延长至2月20日,2020-02-08,假,谣言,"['春节', '假期延长']"
380,复方甲酚皂能杀死新冠肺炎病毒,2020-02-08,假,伪科学,"['复方甲酚皂', '新冠病毒']"
381,瑞德西韦的副作用比化疗严重，杀敌八百自损一千,2020-02-08,假,伪科学,"['瑞德西韦', '新型冠状病毒']"
382,白酒放冰箱冷冻室能制作75%的酒精,2020-02-08,假,谣言,"['白酒', '冰箱']"
383,钟南山：已挺过一个14天，2月7号起第二个14天,2020-02-07,假,谣言,"['钟南山', '新型冠状病毒']"
384,穿山甲是新型冠状病毒的中间宿主,2020-02-07,疑,尚无定论,"['穿山甲', '新型冠状病毒']"
385,季铵盐类消毒剂苯扎氯铵(洁尔灭）能灭活新冠病毒,2020-02-07,假,伪科学,"['新型冠状病毒', '消毒剂']"
386,武汉古田四路佳兴园，酒精全屋消毒后开空调引起爆炸,2020-02-07,假,谣言,"['武汉', '火灾']"
387,二氧化氯稀释后放进加湿器，可以有效预防新冠肺炎,2020-02-07,疑,有失实,"['二氧化氯', '加湿器']"
388,中国政府为控制疫情要杀2万人,2020-02-07,假,谣言,"['新型冠状病毒', '传染病']"
389,“猪场同款”消毒通道，可以有效预防新型冠状病毒,2020-02-07,假,谣言,"['重庆', '消毒通道']"
390,电吹风强档对面罩、面部和手部吹30秒就能消毒,2020-02-07,假,谣言,"['肺炎', '新型冠状病毒']"
391,气溶胶传播恐怖，不和患者见面吸入空气中病毒就感染,2020-02-07,疑,有失实,"['新型冠状病毒', '气溶胶']"
392,口罩嘴巴处垫一张对折纸巾，可以延迟口罩的使用时间,2020-02-07,假,谣言,"['口罩', '卫生纸巾']"
393,已找到破解病毒的离子技术，自制铜甘斯水可预防病毒,2020-02-07,假,伪科学,"['铜甘斯水', '食盐水']"
394,吃水果蔬菜会感染新型冠状病毒,2020-02-07,假,谣言,"['新型冠状病毒', '水果']"
395,收快递、外卖会感染新型冠状病毒,2020-02-07,疑,有失实,"['快递', '外卖']"
396,哈佛医学院为李文亮医生降半旗致哀,2020-02-07,假,谣言,"['李文亮', '哈佛医学院']"
397,顺丰、邮政、京东快递2月7日起停运,2020-02-07,假,谣言,"['快递', '顺丰']"
398,开窗通风会把病毒带进家，引发新冠肺炎,2020-02-07,假,谣言,"['新型冠状病毒', '肺炎']"
399,瑞德西韦生效，17-40小时病人好转90%以上,2020-02-06,假,谣言,"['瑞德西韦', '新型冠状病毒肺炎']"
400,长沙市天心区一失足女确诊感染病毒，并接触9人,2020-02-06,假,谣言,"['新型冠状病毒', '长沙']"
401,卫生巾作口罩用，或将卫生巾贴在口罩外可以防病毒,2020-02-06,假,谣言,"['新型冠状病毒', '卫生巾']"
402,武汉火神山医院是日本人设计的,2020-02-06,假,谣言,"['火神山医院', '日本']"
403,吃槟榔可以预防新型冠状病毒感染,2020-02-06,假,谣言,"['新型冠状病毒', '槟榔']"
404,大量喝水能预防新型冠状病毒感染,2020-02-06,假,伪科学,"['新型冠状病毒', '传染病']"
405,吸入病毒携带者的二手烟可能会感染新型冠状病毒,2020-02-06,真,确实如此,"['新型冠状病毒', '传染病']"
406,母猪开口说话，说吃煮鸡蛋能预防疫情,2020-02-06,假,谣言,"['新型冠状病毒', '猪']"
407,2月6日起宁波将封城,2020-02-06,假,谣言,"['新型冠状病毒', '宁波']"
408,纸尿裤材料被征用去做口罩，很多纸尿裤厂家已停产,2020-02-05,假,谣言,"['口罩', '纸尿裤']"
409,红糖、生姜、大葱白和大蒜熬水喝，不会感染新冠病毒,2020-02-05,假,谣言,"['红糖', '生姜']"
410,防溢乳垫贴在非医用一次性口罩上能过滤病毒,2020-02-05,假,谣言,"['防溢乳垫贴', '口罩']"
411,美国选择货机撤侨，是给中国送防疫物资,2020-02-05,假,谣言,"['美国', '撤侨']"
412,美国医生援助中国前集体祷告,2020-02-05,假,谣言,"['新型冠状病毒', '美国']"
413,预防肺炎的疫苗能防止新型冠状病毒感染,2020-02-05,假,谣言,"['新型冠状病毒', '肺炎']"
414,适量饮酒可以抵抗新型冠状病毒,2020-02-05,假,谣言,"['饮酒', '新型冠状病毒']"
415,新风系统会传播病毒，导致感染新型冠状病毒肺炎,2020-02-05,假,谣言,"['新型冠状病毒', '新风系统']"
416,湖北仙桃开来的轿车上有人被测出高温后逃跑,2020-02-05,假,谣言,"['湖北', '新塘']"
417,口罩接水不渗水，说明能抵抗新型冠状病毒肺炎,2020-02-04,假,谣言,"['口罩', '新型冠状病毒肺炎']"
418,2月10号疫情不好转，解放军将全面接管武汉,2020-02-04,假,谣言,"['武汉', '解放军']"
419,三天后武汉所有超市、药店关门,2020-02-04,假,谣言,"['武汉', '超市']"
420,有证据认为蚊子苍蝇可以传播新型冠状病毒,2020-02-04,假,谣言,"['蚊子', '苍蝇']"
421,钟南山院士在机场亲自迎接吉利德公司老总,2020-02-04,假,谣言,"['钟南山', '吉利德公司']"
422,使用酒精消毒，别往空气中喷，也别随便往自己身上喷,2020-02-04,真,确实如此,"['酒精', '火灾']"
423,楼上扔烟头，楼下正在酒精消毒，导致火灾,2020-02-04,假,谣言,"['烟头', '酒精']"
424,03年香港淘大花园42人感染非典因下水道传播病毒,2020-02-04,疑,尚无定论,"['非典', '香港']"
425,下水道有传染新型冠状病毒风险,2020-02-04,疑,尚无定论,"['新型冠状病毒', '粪便']"
426,消毒时，84消毒液与酒精不可混用，会产生氯气,2020-02-04,疑,有失实,"['84消毒液', '酒精']"
427,别迷信核酸检测，应用CT影像作为新冠肺炎确诊标准,2020-02-04,疑,存在争议,"['核酸检测', 'CT']"
428,出门回来后，一定要对鞋喷洒消毒水或把鞋放在门外,2020-02-04,疑,有失实,"['鞋', '消毒水']"
429,养宠物的家庭不会感染新型冠状病毒,2020-02-04,假,谣言,"['宠物', '新型冠状病毒']"
430,高温能杀病毒，让病人发烧到39.6度以上就能痊愈,2020-02-04,假,谣言,"['发烧', '新型冠状病毒']"
431,蝙蝠最怕高温，请把喝的开水滚开的汽吸下去，能解毒,2020-02-04,假,谣言,"['水蒸气', '蝙蝠']"
432,天津一男子喷酒精消毒后开车抽烟引发燃烧,2020-02-04,假,谣言,"['天津', '酒精']"
433,定期用生理盐水清洗鼻子可以预防新型冠状病毒,2020-02-04,假,伪科学,"['新型冠状病毒', '生理盐水']"
434,2月3日起北京1000个药房每天投放300万口罩,2020-02-03,假,谣言,"['口罩', '北京']"
435,2月4日成都市民可在天府市民云APP预约领取口罩,2020-02-03,假,谣言,"['新型冠状病毒', '口罩']"
436,李兰娟院士说谈恋爱可以预防新型冠状病毒肺炎,2020-02-03,假,谣言,"['新型冠状病毒', '李兰娟']"
437,老盛昌包子铺老板确诊新型冠状病毒被送医院,2020-02-03,假,谣言,"['新型冠状病毒', '新冠病毒']"
438,把饭做熟病毒就会被杀死,2020-02-03,真,确实如此,"['熟食', '病毒']"
439,2月4日起，福州将实施预约摇号购买口罩,2020-02-03,假,谣言,"['口罩', '福州']"
440,市面上常见的X露XX士消毒液可以消灭新型冠状病毒,2020-02-03,疑,尚无定论,"['消毒液', '新型冠状病毒']"
441,中央空调存在传播新型冠状病毒的可能性,2020-02-03,真,确实如此,"['空调', '新型冠状病毒']"
442,喷洒环保酵素可以杀毒抑菌,2020-02-03,假,伪科学,"['酵素', '病毒']"
443,泰国找到了新型冠状病毒特效药,2020-02-03,疑,尚无定论,"['新型冠状病毒', '泰国']"
444,新型冠状病毒插入的基因片段是精心选择，是人工病毒,2020-02-03,假,谣言,"['新型冠状病毒', '基因']"
445,特朗普同意将新冠肺炎潜在有效药瑞德西韦专利豁免,2020-02-03,假,谣言,"['瑞德西韦', '专利']"
446,国务院通知任何平台不得销售口罩,2020-02-03,假,谣言,"['新型冠状病毒', '口罩']"
447,2月3日开始，上海市各医院实名制进院，包括家属,2020-02-03,假,谣言,"['上海', '实名制']"
448,24℃下，新型冠状病毒在痰尿等物体上能存活好几天,2020-02-02,疑,尚无定论,"['新型冠状病毒', '传染病']"
449,震惊哈佛大学教授：新型冠状病毒诞生于人为基因改造,2020-02-02,假,谣言,"['新型冠状病毒', '基因改造']"
450,上海一居民家爆炸，因女的烧菜，男的做家务喷洒酒精,2020-02-02,假,谣言,"['上海', '爆炸']"
451,直升飞机冲破封锁线，电影一样，直达武汉,2020-02-02,假,谣言,"['直升机', '武汉']"
452,乳酸菌素片可以治疗新型冠状病毒肺炎,2020-02-02,假,谣言,"['乳酸菌素', '新型冠状病毒']"
453,新型冠状病毒感染者粪便里检测出核酸阳性 ,2020-02-02,真,确有此事,"['新型冠状病毒', '感染者']"
454,戴过的口罩放进烤箱，60℃烤30分钟，可以反复用,2020-02-01,疑,尚无定论,"['口罩', '烤箱']"
455,中央决定暂免武汉红十字会救灾物资管理工作,2020-02-01,假,谣言,['']
456,童子尿可以预防新型冠状病毒,2020-02-01,假,谣言,"['童子尿', '新型冠状病毒']"
457,德国采用雾化手段治愈4例新冠肺炎患者,2020-02-01,假,谣言,"['德国', '雾化治疗']"
458,金银花和绿茶能防控新冠病毒感染,2020-02-01,假,谣言,"['金银花', '绿茶']"
459,remdesivir可治疗新型冠状病毒肺炎,2020-02-01,疑,尚无定论,"['新型冠状病毒', 'remdesivir']"
460,国家一级响应：出租房2月免租，3、4月份免租半月,2020-02-01,疑,有失实,"['免租', '房东']"
461,中成药双黄连口服液可抑制新型冠状病毒,2020-02-01,疑,尚无定论,"['冠状病毒', '新型冠状病毒']"
462,挂烫机喷出的蒸汽可用于衣物消毒杀菌,2020-02-01,假,谣言,['']
463,口含姜片出门可以预防新型冠状病毒肺炎,2020-02-01,假,谣言,"['新型冠状病毒', '生姜']"
464,中草药洗液“洁尔阴”预防非典是良方,2020-02-01,疑,尚无定论,"['SARS', '非典']"
465,WHO认为：目前还没有专门预防治疗新冠病毒的药物,2020-02-01,真,确实如此,"['新型冠状病毒', '药物']"
466,藿香正气药物可治疗新型冠状病毒肺炎,2020-02-01,疑,尚无定论,"['新型冠状病毒', '藿香正气']"
467,双黄连口服液可抑制新型冠状病毒,2020-02-01,疑,尚无定论,"['双黄连口服液', '新型冠状病毒']"
468,喝茶可以预防新型冠状病毒,2020-01-31,假,谣言,"['喝茶', '新型冠状病毒']"
469,吃阿奇霉素片可以预防新型冠状病毒,2020-01-31,假,谣言,"['新型冠状病毒', '抗生素']"
470,特殊时期多喝陈皮水，陈皮能预防和治疗新型冠状病毒,2020-01-31,假,谣言,"['陈皮', '新型冠状病毒']"
471,武汉大学省人民医院发热门诊可做核酸试验检测不排队,2020-01-31,假,谣言,"['新型冠状病毒肺炎', '核酸测试']"
472,新型冠状病毒肺炎十大谣言榜,2020-01-31,真,确实如此,"['新型冠状病毒', '谣言']"
473,眼神对视会传染新型冠状病毒,2020-01-31,假,谣言,"['新型冠状病毒', '传染病']"
474,用过的口罩放到消毒柜里消毒，可以继续防护新型肺炎,2020-01-31,假,伪科学,"['口罩', '消毒柜']"
475,别吃鱼肉，特别是草鱼做的酸菜鱼水煮鱼，会感染病毒,2020-01-31,假,谣言,"['草鱼', '鱼肉']"
476,广州市民30日晚8点可用“穗康”小程序预约买口罩,2020-01-31,真,确有此事,"['广州', '口罩']"
477,用浴霸灯照射半小时可以去除病毒,2020-01-31,疑,有失实,"['新型冠状病毒', '温度']"
478,吃糖会降低身体免疫力，导致易感染病毒,2020-01-31,疑,尚无定论,"['免疫力', '糖分']"
479,南京自来水采用上限标准加氯消毒,2020-01-31,假,谣言,"['自来水', '南京']"
480,苏州市立医院一产妇感染新型冠状病毒,2020-01-30,假,谣言,"['新型冠状病毒', '孕妇']"
481,新型冠状病毒会通过血液传播,2020-01-30,疑,尚无定论,"['新型冠状病毒', '血液']"
482,出现流鼻涕和咳痰，不可能是新型冠状病毒肺炎,2020-01-30,假,谣言,"['流鼻涕', '新型冠状病毒肺炎']"
483,武汉第九医院：疫情期间，不能外出散步，小心被传染,2020-01-30,假,谣言,"['新型冠状病毒肺炎', '散步']"
484,1月30日传拿介绍信可到武汉市红十字会领取物资,2020-01-30,假,谣言,"['新型冠状病毒', '肺炎']"
485,海关代表国家征收邮寄的口罩,2020-01-30,假,谣言,"['海关', '口罩']"
486,亚洲人更容易感染新型冠状病毒,2020-01-30,假,谣言,"['亚洲', '新型冠状病毒']"
487,口罩水蒸过晒干、喷酒精、紫外线灯照射后可以再用,2020-01-30,疑,有失实,"['口罩', '酒精']"
488,武汉红十字会售卖山东寿光捐赠的蔬菜,2020-01-30,假,谣言,"['慈善', '捐助']"
489,花露水酒精含量70-75%，能有效预防新冠病毒,2020-01-30,疑,有失实,"['花露水', '新型冠状病毒']"
490,用棉布、保鲜膜、纱布自制口罩，可预防新冠病毒感染,2020-01-30,疑,有失实,['']
491,玉屏风颗粒对新型肺炎有效,2020-01-30,疑,尚无定论,"['新型肺炎', '玉屏风']"
492,成都两名高度疑似感染者私自离开华西医院,2020-01-29,假,谣言,"['冠状病毒', '新型冠状病毒肺炎']"
493,万金油可以预防病毒,2020-01-30,假,伪科学,"['万金油', '病毒']"
494,1月29日知网可以免费下载论文,2020-01-29,假,谣言,"['知网', '论文']"
495,一个武汉女人终结了法国大罢工，法国人都去抢口罩了,2020-01-29,假,谣言,"['法国大罢工', '武汉']"
496,不要穿毛衣或带毛领、绒线的衣服外套，容易吸附病毒,2020-01-29,疑,分情况,"['毛衣', '新冠肺炎病毒']"
497,武大人民医院医生提醒：29、30号两天是爆发期,2020-01-29,假,谣言,['']
498,咳嗽药水“沐舒坦”能治疗新冠肺炎,2020-01-29,疑,尚无定论,"['沐舒坦', '新型冠状病毒']"
499,接触沾染了病毒的物品属于接触传播，也可能感染病毒,2020-01-29,真,确实如此,"['接触传播', '新型冠状病毒']"
500,握手、拥抱也可能传播新型冠状肺炎病毒,2020-01-29,真,确实如此,"['握手', '拥抱']"
501,大蒜和冰糖一起煮水喝可以预防治疗新型冠状肺炎,2020-01-29,假,谣言,"['大蒜', '冰糖']"
502,1月29日成都封城，出城高速封闭,2020-01-29,假,谣言,"['成都', '封城']"
503,白藜芦醇可以治疗预防新型冠状病毒,2020-01-29,假,谣言,"['白藜芦醇', '新型冠状病毒']"
504,28日黑龙江高速因抗击新冠肺炎疫情大范围封闭,2020-01-29,假,谣言,"['黑龙江', '高速封路']"
505,喷嚏可打8米远，病毒可悬浮24小时,2020-01-28,疑,尚无定论,"['病毒', '打喷嚏']"
506,北京超市、菜市场要关门一周,2020-01-28,假,谣言,"['北京', '超市']"
507,日本派遣1000人医疗队前往武汉,2020-01-28,假,谣言,"['武汉', '日本']"
508,新型冠状病毒会通过现金纸币传播，外出不要收现金,2020-01-28,疑,有失实,"['新型冠状病毒', '现金']"
509,新型冠状病毒在2018年就被发现了,2020-01-28,假,谣言,['新型冠状病毒']
510,多洗热水澡可以预防新型冠状病毒肺炎,2020-01-28,假,伪科学,"['新型冠状病毒肺炎', '热水澡']"
511,海鲜会传染新型冠状病毒,2020-01-28,假,谣言,"['新型冠状病毒', '海鲜']"
512,医用紫外线灯能消灭新型冠状病毒,2020-01-28,真,确实如此,"['紫外线灯', '新型冠状病毒']"
513,95%的酒精比75%的酒精消毒效果更好,2020-01-28,假,伪科学,"['酒精', '新型冠状病毒']"
514,病毒喜欢0度湿冷环境，空调开到20度就死亡,2020-01-28,假,伪科学,"['新型冠状病毒', '空调']"
515,用了7天的N95口罩用吹风机吹或酒精消毒可继续用,2020-01-28,假,伪科学,"['N95口罩', '口罩']"
516,用高浓度白酒喷洒房间可以预防新型冠状病毒,2020-01-28,假,伪科学,"['白酒', '酒精']"
517,非典是美国专门针对中国的生物战，是种族灭绝计划,2020-01-27,假,谣言,"['非典', '美国']"
518,喝红酒能抵抗新型冠状病毒，延缓病情发展,2020-01-27,假,伪科学,"['新型冠状病毒', '红酒']"
519,二氧化氯消毒剂可以用于消毒,2020-01-27,真,确实如此,"['消毒', '病毒']"
520,新型冠状病毒已经混合在空气里，一旦呼吸就会致病,2020-01-27,假,谣言,"['病毒', '新型冠状病毒']"
521,花菇中的多糖能增强人体免疫力，对抗新型冠状病毒,2020-01-27,假,伪科学,"['新型冠状病毒', '花菇']"
522,多喝60度的开水能预防新型肺炎,2020-01-27,假,谣言,"['消毒', '病毒']"
523,成都因新型冠状病毒肺炎调整公交线路营运安排,2020-01-27,假,谣言,"['成都', '公交']"
524,阿司匹林能有效延缓新冠肺炎病情,2020-01-27,假,伪科学,"['新型冠状病毒', '阿司匹林']"
525,浙江27日起高速封路,2020-01-27,假,谣言,"['浙江', '高速']"
526,将有6万武汉人员从境外来杭,2020-01-27,假,谣言,"['武汉', '杭州']"
527,乳铁蛋白能预防新型冠状病毒,2020-01-26,假,伪科学,"['乳铁蛋白', '新型冠状病毒']"
528,南京要封城停公交出租,2020-01-26,假,谣言,['']
529,26日晚央视新闻，白岩松将邀请钟南山院士介绍疫情,2020-01-26,假,谣言,['']
530,广州要封城,2020-01-26,假,谣言,"['广州', '封城']"
531,泰国移民局发文，不想回国的最长可给予2个月续签,2020-01-26,假,谣言,"['泰国', '续签']"
532,为防控疫情，北京市即将封城,2020-01-26,假,谣言,"['北京', '封城']"
533,打开家里空调和取暖器，室温增高到30度能抗肺炎,2020-01-26,疑,有失实,"['空调', '新型冠状病毒']"
534,深圳1月27日开始封城,2020-01-26,假,谣言,"['深圳', '新型冠状病毒']"
535,大蒜水可以治好冠状病毒肺炎，要多喝大蒜水,2020-01-26,假,谣言,"['肺炎', '新型冠状病毒']"
536,杭州封城防控新型肺炎,2020-01-26,假,谣言,"['肺炎', '杭州']"
537,武汉至上海旅游的5人入住建国宾馆并全部感染,2020-01-26,假,谣言,"['上海', '新型冠状病毒']"
538,家养的宠物会传染新型冠状病毒,2020-01-26,疑,尚无定论,"['肺炎', '新型冠状病毒']"
539,风油精能抑制病毒感染,2020-01-26,假,谣言,"['肺炎', '新型冠状病毒']"
540,大庆人明天不要出门，政府会安排飞机洒药消毒,2020-01-26,假,谣言,"['大庆', '洒药']"
541,吃辣椒能降低新型冠状病毒肺炎死亡风险,2020-01-26,假,伪科学,"['新型冠状病毒', '辣椒']"
542,好消息再传来：新冠肺炎疫苗出来啦！,2020-01-26,假,谣言,"['新型冠状病毒肺炎', '疫苗']"
543,大部分新型肺炎患者只需2-4周就可被治愈,2020-01-26,真,确实如此,"['新型冠状病毒肺炎', '治疗']"
544,多吃草莓可以预防新型冠状病毒肺炎,2020-01-26,假,谣言,"['草莓', '新型冠状病毒肺炎']"
545,养猫养狗能抗新型冠状病毒肺炎,2020-01-26,假,伪科学,"['肺炎', '新型冠状病毒']"
546,新型冠状病毒在潜伏期会传染,2020-01-26,真,确实如此,"['肺炎', '新型冠状病毒']"
547,维C可以预防新型冠状病毒肺炎,2020-01-26,假,伪科学,"['肺炎', '新型冠状病毒']"
548,新型冠状病毒是SARS病毒的进化,2020-01-26,假,谣言,"['肺炎', '新型冠状病毒']"
549,明天早上四点杭州飞机洒消毒药水，大家别出门,2020-01-26,假,谣言,"['杭州', '消毒药水']"
550,一香港人在南京鼓楼医院因新冠肺炎去世,2020-01-26,假,谣言,"['香港', '新型冠状肺炎病毒']"
551,钟南山院士建议：全中国人民在家隔离两周,2020-01-25,假,谣言,"['钟南山', '隔离']"
552,湖南长沙：发现武汉牌照车辆就拨打疾控中心电话,2020-01-25,假,谣言,"['肺炎', '新型冠状病毒']"
553,浙BL0535车上人员感染病毒正前往某地,2020-01-25,假,谣言,"['北京', '武汉']"
554,带呼吸阀的N95口罩对新型冠状病毒没有防护作用,2020-01-25,假,伪科学,"['新型冠状病毒', '口罩']"
555,北京高速为防控疫情封路“只出不进”,2020-01-25,假,谣言,"['肺炎', '新型冠状病毒']"
556,上海目前除沪牌不让外地车进上海,2020-01-25,假,谣言,"['上海', '交通限制']"
557,新型冠状病毒肺炎定名为SARI ,2020-01-25,假,谣言,"['肺炎', '新型冠状病毒']"
558,钟南山院士被传染,2020-01-25,假,谣言,"['钟南山', '新型冠状病毒']"
559,湖北新华医院耳鼻喉科医生梁武东因感染新冠肺炎去世,2020-01-25,疑,尚无定论,"['新型冠状病毒', '肺炎']"
560,大蒜咬碎后嘴里含一会儿，胜过杀病毒的口腔药物,2020-01-25,假,伪科学,"['大蒜', '新型冠状病毒']"
561,西安一名新型肺炎患者从医院逃离 ,2020-01-25,假,谣言,"['西安', '肺炎']"
562,抗艾滋药物洛匹那韦利托那韦片可有效治疗武汉肺炎,2020-01-25,疑,存在争议,"['肺炎', '新型冠状病毒']"
563,河南信阳今天下午两点封城,2020-01-25,假,谣言,"['信阳', '肺炎']"
564,新加坡拒绝超过116名来自武汉的旅客入境,2020-01-25,假,谣言,"['肺炎', '新型冠状病毒']"
565,郑州上午九点到十一点将空中喷洒消杀药物,2020-01-25,假,谣言,"['肺炎', '新型冠状病毒']"
566,N95口罩也是需要4个小时一换,2020-01-25,疑,分情况,"['N95', '口罩']"
567,吃香蕉会得新型冠状病毒肺炎,2020-01-25,假,谣言,"['香蕉', '新型冠状病毒']"
568,新加坡抵杭州航班有2名乘客发烧，全体乘客被隔离,2020-01-25,真,确有此事,"['新加坡', '杭州']"
569,四川高速封路,2020-01-25,假,谣言,"['四川', '高速封路']"
570,武汉市第四医院武胜路院区急诊停诊,2020-01-25,假,谣言,"['肺炎', '新型冠状病毒']"
571,深圳49家医院可免费领口罩,2020-01-24,假,谣言,"['肺炎', '新型冠状病毒']"
572,武汉“小汤山”将停工，重新选址,2020-01-24,假,假新闻,"['肺炎', '小汤山']"
573,钟南山院士表示目前已有药物准备用于肺炎临床治疗,2020-01-24,真,确实如此,"['肺炎', '新型冠状病毒']"
574,小磨香油滴在鼻孔，可以阻断一切的流感和瘟疫传染,2020-01-24,假,伪科学,"['香油', '流感']"
575,汉口全封闭汉阳强限制武昌弱限制,2020-01-24,假,谣言,"['汉口', '肺炎']"
576,湘雅医院搭帐篷，以安置从武汉来的病人,2020-01-24,假,谣言,"['湘雅医院', '肺炎']"
577,武汉将断网，以禁止医务人员分享相关信息,2020-01-24,假,谣言,"['肺炎', '新型冠状病毒']"
578,湖北经视主持人记者戴口罩播报新闻,2020-01-24,假,谣言,"['主播', '口罩']"
579,周杰伦去福州参加活动，自备隔离箱,2020-01-24,假,谣言,"['周杰伦', '隔离箱']"
580,武汉三口之家迪士尼游玩确诊新型冠状病毒肺炎,2020-01-23,假,谣言,"['新型冠状病毒', '迪斯尼']"
581,武汉加油站停止营业,2020-01-23,假,谣言,"['加油站', '肺炎']"
582,抗流感药物奥司他韦、利巴韦林能预防新型冠状病毒,2020-01-23,假,谣言,"['奥司他韦', '新型冠状病毒']"
583,杭州医生提示：在人中涂风油精可有效预防呼吸道疾病,2020-01-23,假,伪科学,"['风油精', '流感']"
584,喝高度白酒、蒸桑拿，可以抵抗新型冠状病毒,2020-01-23,假,伪科学,"['喝酒', '新型冠状病毒']"
585,武汉官方：在武汉上空开始播撒消毒粉液,2020-01-23,假,谣言,"['武汉', '消毒液']"
586,钟南山院士建议盐水漱口防病毒,2020-01-23,假,伪科学,"['盐水漱口', '新型冠状病毒']"
587,山东即墨区发现疑似新型冠状病毒感染的肺炎病例,2020-01-22,假,谣言,"['山东', '即墨']"
588,支付宝提供了在武汉海鲜市场的支付数据,2020-01-22,假,谣言,"['支付宝', '武汉']"
589,戴多层口罩，才能有效预防新型冠状病毒,2020-01-22,假,伪科学,"['新型冠状病毒', '口罩']"
590,普通人出门要佩戴护目镜，防止新型冠状病毒侵入体内,2020-01-22,假,谣言,"['肺炎', '新型冠状病毒']"
591,北京协和医院有武汉肺炎患者出逃,2020-01-22,假,谣言,"['协和医院', '新型冠状病毒']"
592,新型冠状病毒抗体能治疗和预防肺炎,2020-01-22,假,谣言,"['抗体', '新型冠状病毒']"
593,口罩正确戴法：感冒时有颜色的朝外，没感冒反过来,2020-01-22,假,谣言,"['口罩', '新型冠状病毒']"
594,这个玻璃装置是“隔离舱”，用它进行患者的隔离,2020-01-22,假,谣言,"['隔离', '传染']"
595,放烟花爆竹可以消毒，预防瘟疫,2020-01-21,假,伪科学,"['烟花爆竹', '瘟疫']"
596,勤洗手和戴口罩可以降低新型冠状病毒感染风险,2020-01-21,真,确实如此,"['新型冠状病毒', '感染']"
597,吃维生素C泡腾片能预防新型冠状病毒,2020-01-21,假,谣言,"['肺炎', '病毒']"
598,吸烟可以预防非典，因为烟油可以阻挡病毒进入肺细胞,2020-01-21,假,谣言,"['吸烟', '非典']"
599,白醋放在暖气片上可以消毒室内空气,2020-01-21,假,谣言,"['食醋', '乙酸']"
600,武汉不明原因肺炎系SARS病毒,2020-01-18,假,谣言,['']
